{
  "title": "Windows Subsystem for Linux Distro Gallery Feed",
  "version": "https://jsonfeed.org/version/1",
  "author": {
    "name": "rkttu.com",
    "url": "https://www.rkttu.com"
  },
  "items": [
    {
      "id": "appx_ubuntu_1804",
      "title": "Ubuntu Linux 18.04",
      "url": "https://aka.ms/wsl-ubuntu-1804",
      "content_text": "Ubuntu 18.04 on Windows allows one to use Ubuntu Terminal and run Ubuntu command line utilities including bash, ssh, git, apt and many more.",
      "image": "https://wslhub.com/icons/ubuntu.png",
      "author": {
        "name": "Canonical",
        "url": "http://www.canonical.com"
      }
    },
    {
      "id": "appx_ubuntu_1604",
      "title": "Ubuntu Linux 16.04",
      "url": "https://aka.ms/wsl-ubuntu-1604",
      "content_text": "Ubuntu on Windows allows one to use Ubuntu Terminal and run Ubuntu command line utilities including bash, ssh, git, apt and many more.",
      "image": "https://wslhub.com/icons/ubuntu.png",
      "author": {
        "name": "Canonical",
        "url": "http://www.canonical.com"
      }
    },
    {
      "id": "appx_debian",
      "title": "Debian Linux",
      "url": "https://aka.ms/wsl-debian-gnulinux",
      "content_text": "With this distro you get Debian for the Windows Subsystem for Linux (WSL). You will be able to use a complete Debian command line environment containing a full current stable release environment.",
      "image": "https://wslhub.com/icons/debian.png",
      "author": {
        "name": "The Debian Project",
        "url": "http://www.debian.org"
      }
    },
    {
      "id": "appxbundle_kali_linux",
      "title": "Kali Linux",
      "url": "https://aka.ms/wsl-kali-linux",
      "content_text": "The Kali for Windows application allows one to install and run the Kali Linux open-source penetration testing distribution natively, from the Windows 10 OS.",
      "image": "https://wslhub.com/icons/kali.png",
      "author": {
        "name": "Kali Linux",
        "url": "http://www.kali.org"
      }
    },
    {
      "id": "appx_opensuse",
      "title": "OpenSUSE 42",
      "url": "https://aka.ms/wsl-opensuse-42",
      "content_text": "The openSUSE distribution is a stable, easy to use and complete multi-purpose Linux distribution.",
      "image": "https://wslhub.com/icons/suse.png",
      "author": {
        "name": "SUSE",
        "url": "http://www.opensuse.org"
      }
    },
    {
      "id": "appx_sles",
      "title": "SLES 12",
      "url": "https://aka.ms/wsl-sles-12",
      "content_text": "SUSE Linux Enterprise Server is a world-class, secure open source server operating system, built to power physical, virtual and cloud-based mission-critical workloads.",
      "image": "https://wslhub.com/icons/suse.png",
      "author": {
        "name": "SUSE",
        "url": "http://www.suse.com"
      }
    }
  ]
}